/*Automatic execution when the server starts up on the development enviroment */

-- /*test data*/
INSERT INTO User 
(id,firstName,lastName,email,password,zipCode,image)
VALUES 
(1,'Carol','Cavalcanti','carolinapc@gmail.com','$2b$10$fo85sCgXJsNGGC0Sk28d/u5j7TmmjyxgVbETTYzKwKOAEFobJD8Ra','M4Y1H5','profile_1.jpg'),
(2,'John','Doe','user1','$2b$10$fo85sCgXJsNGGC0Sk28d/u5j7TmmjyxgVbETTYzKwKOAEFobJD8Ra',null,'profile_2.jpg'),
(3,'Mary','Jane','user2','$2b$10$fo85sCgXJsNGGC0Sk28d/u5j7TmmjyxgVbETTYzKwKOAEFobJD8Ra',null,'profile_3.jpg'),
(4,'Frank','Russel','user3','$2b$10$fo85sCgXJsNGGC0Sk28d/u5j7TmmjyxgVbETTYzKwKOAEFobJD8Ra',null,'profile_4.jpg'),
(5, 'Maggie', 'MacVey', 'maggimacvey7@gmail.com', '$2b$10$odgCqiMprJfgLJPGXiLS4eCbr0dQYXIVSuxFHsZT76ismKyzyXfiy', null, 'profile_5.jpg' ),
(6,'Angie','Dob','user4','$2b$10$fo85sCgXJsNGGC0Sk28d/u5j7TmmjyxgVbETTYzKwKOAEFobJD8Ra',null,'angieprofile.jpg'),
(7,'Jenn','Siggy','user5','$2b$10$fo85sCgXJsNGGC0Sk28d/u5j7TmmjyxgVbETTYzKwKOAEFobJD8Ra',null,'jennprofile.jpg'),
(8,'Jeremy','Delzo','user6','$2b$10$fo85sCgXJsNGGC0Sk28d/u5j7TmmjyxgVbETTYzKwKOAEFobJD8Ra',null,'jeremyprofile.jpg'),
(9,'Sam','McK','user7','$2b$10$fo85sCgXJsNGGC0Sk28d/u5j7TmmjyxgVbETTYzKwKOAEFobJD8Ra',null,'samprofile.jpg'),
(10,'Amanda','Dob','user8','$2b$10$fo85sCgXJsNGGC0Sk28d/u5j7TmmjyxgVbETTYzKwKOAEFobJD8Ra',null,'amandaprofile.jpg'),
(11,'Matty','Bort','user9','$2b$10$fo85sCgXJsNGGC0Sk28d/u5j7TmmjyxgVbETTYzKwKOAEFobJD8Ra',null,'mattprofile.jpg'),
(12,'Andy','Jam','user10','$2b$10$fo85sCgXJsNGGC0Sk28d/u5j7TmmjyxgVbETTYzKwKOAEFobJD8Ra',null,'andyprofile.jpg'),
(13,'Jordan','Caddle','user11','$2b$10$fo85sCgXJsNGGC0Sk28d/u5j7TmmjyxgVbETTYzKwKOAEFobJD8Ra',null,'jordanprofile.jpg'),
(14,'Andrew','Harden','user12','$2b$10$fo85sCgXJsNGGC0Sk28d/u5j7TmmjyxgVbETTYzKwKOAEFobJD8Ra',null,'hardyprofile.jpg'),
(15,'Emily','Lem','user13','$2b$10$fo85sCgXJsNGGC0Sk28d/u5j7TmmjyxgVbETTYzKwKOAEFobJD8Ra',null,'emilyprofile.jpg'),
(16,'Rachael','G','user14','$2b$10$fo85sCgXJsNGGC0Sk28d/u5j7TmmjyxgVbETTYzKwKOAEFobJD8Ra',null,'rachaelprofile.jpg'),
(17,'Alex','Alto','user15','$2b$10$fo85sCgXJsNGGC0Sk28d/u5j7TmmjyxgVbETTYzKwKOAEFobJD8Ra',null,'alexprofile.jpg'),
(18,'Robyn','Bird','user16','$2b$10$fo85sCgXJsNGGC0Sk28d/u5j7TmmjyxgVbETTYzKwKOAEFobJD8Ra',null,'robynprofile.jpg'),
(19,'Anna','Jan','user17','$2b$10$fo85sCgXJsNGGC0Sk28d/u5j7TmmjyxgVbETTYzKwKOAEFobJD8Ra',null,'annaprofile.jpg'),
(20,'Veronika','Trolley','user18','$2b$10$fo85sCgXJsNGGC0Sk28d/u5j7TmmjyxgVbETTYzKwKOAEFobJD8Ra',null,'veronikaprofile.jpg'),
(21,'Alexis','Amb','user19','$2b$10$fo85sCgXJsNGGC0Sk28d/u5j7TmmjyxgVbETTYzKwKOAEFobJD8Ra',null,'alexisprofile.jpg'),
(22,'Jay','Beach','user20','$2b$10$fo85sCgXJsNGGC0Sk28d/u5j7TmmjyxgVbETTYzKwKOAEFobJD8Ra',null,'jayprofile.jpg'),
(23,'Kallvis','Sew','user21','$2b$10$fo85sCgXJsNGGC0Sk28d/u5j7TmmjyxgVbETTYzKwKOAEFobJD8Ra',null,'kallvisprofile.jpg'),
(24,'Julien','Craig','user22','$2b$10$fo85sCgXJsNGGC0Sk28d/u5j7TmmjyxgVbETTYzKwKOAEFobJD8Ra',null,'julienprofile.jpg'),
(25,'Jorge','Mex','user23','$2b$10$fo85sCgXJsNGGC0Sk28d/u5j7TmmjyxgVbETTYzKwKOAEFobJD8Ra',null,'jorgeprofile.jpg'),
(26,'Kevin','Kevon','user24','$2b$10$fo85sCgXJsNGGC0Sk28d/u5j7TmmjyxgVbETTYzKwKOAEFobJD8Ra',null,'kevinprofile.jpg'),
(27,'Melissa','Lima','user25','$2b$10$fo85sCgXJsNGGC0Sk28d/u5j7TmmjyxgVbETTYzKwKOAEFobJD8Ra',null,'melissaprofile.jpg'),
(28,'Mike','Carlo','user26','$2b$10$fo85sCgXJsNGGC0Sk28d/u5j7TmmjyxgVbETTYzKwKOAEFobJD8Ra',null,'mikeprofile.jpg'),
(29,'Stefanie','Barr','user27','$2b$10$fo85sCgXJsNGGC0Sk28d/u5j7TmmjyxgVbETTYzKwKOAEFobJD8Ra',null,'stefanieprofile.jpg'),
(30,'Phoenix','Pink','user28','$2b$10$fo85sCgXJsNGGC0Sk28d/u5j7TmmjyxgVbETTYzKwKOAEFobJD8Ra',null,'phoenixprofile.jpg'),
(31,'Sandra','Rose','user29','$2b$10$fo85sCgXJsNGGC0Sk28d/u5j7TmmjyxgVbETTYzKwKOAEFobJD8Ra',null,'sandraprofile.jpg'),
(32,'Tara','Wells','user30','$2b$10$fo85sCgXJsNGGC0Sk28d/u5j7TmmjyxgVbETTYzKwKOAEFobJD8Ra',null,'taraprofile.jpg'),
(33,'Wade','Edmon','user31','$2b$10$fo85sCgXJsNGGC0Sk28d/u5j7TmmjyxgVbETTYzKwKOAEFobJD8Ra',null,'wadeprofile.jpg');

INSERT INTO Category 
(id, name, image)
VALUES
(1, 'Handy Work','handyman.jpg'),
(2, 'Home Reno','construction.jpg'),
(3, 'Technology','technology.jpg'),
(4, 'DIY & Arts and Crafts','DIY.jpg'),
(5, 'Coaching','coaching.jpg'),
(6, 'Language','translation.jpg'),
(7, 'Education','education.jpg'),
(8, 'Misc. Errands','errands.jpg'),
(9, 'Childcare', 'childcare.jpg'),
(10, 'Supernatural Services', 'psychic.jpg'),
(11, 'Cleaning', 'cleaning.jpg'),
(12, 'Pet Care', 'pet.jpg'),
(13, 'Cooking', 'cooking.jpg'),
(14, 'Health & Fitness', 'health.jpg'),
(15, 'Beauty', 'beauty.jpg'),
(16, 'Alterations & Tailoring', 'tailoring.jpg'),
(17, 'Auto Services', 'mechanic.jpg'),
(18, 'Landscaping', 'landscaping.jpg');




INSERT INTO Skill
(id,name,description,price,pricetype,zipcode,CategoryId,UserId,score,latitude,longitude)
VALUES
(1,'roofing','fast responsible roofers for comming winter',100,'J','M4Y1H5',2,1,3,43.666460,-79.378851),
(2,'accounting','skilled accounter comes and teaches all you need to manage your business',50,'H','M4Y1H5',4,2,2,43.666460,-79.378851),
(3,'teaching','math teacher for kids ',10.5,'H','M4Y1H5',1,2,5,43.666460,-79.378851),
(4,'translating','chinese translater in toronto',500,'D','M4Y1H5',6,2,0,43.666460,-79.378851),
(5,'developer','software developers make programs ',90.50,'H','M4Y1H5',3,1,0,43.666460,-79.378851),
(6,'mechanic','we fix your car cheaper,faster,better',60,'J','M4Y1H5',8,1,0,43.666460,-79.378851),
(7,'flooring','we are experienced flooring group, you will love our job',20,'J','M4Y1H5',2,1,0,43.666460,-79.378851),
(8,'law','strong lawyers team help you in hard times',450.80,'H','M4Y1H5',5,1,0,43.666460,-79.378851),
(9,'cleaning','cleaners around GTA',250,'D','M4Y1H5',1,2,0,43.666460,-79.378851),
(10,'dancing','dance club',20,'D','M4Y1H5',4,1,0,43.666460,-79.378851),
(11,'painting','painter team reasonable and fast jobs',160,'J','M4Y1H5',2,1,0,43.666460,-79.378851),
(12,'Plumber','Licensed plumber with 5 years experience',45.50,'H','M4Y1H5',2,6,0,43.666460,-79.378851),
(13,'Front-end Developer','Web developer with 3 years experience, comfortable with most front-end technologies.',27,'H','M4Y1H5',3,7,0,43.666460,-79.378851),
(14,'Clay pot Making','Come learn how to make your own custom clay pots',60,'J','M4Y1H5',4,8,0,43.666460,-79.378851),
(15,'Life Coach','Let me help you find your unlimted potential',150,'D','M4Y1H5',5,9,0,43.666460,-79.378851),
(16,'Learn Spanish','Native spanish speaker who is fluent in english seeking to help you learn some spanish',20,'H','M4Y1H5',6,10,0,43.666460,-79.378851),
(17,'Math Tutor','Providing Math tutoring for students form grade 8 to 12',40,'H','M4Y1H5',7,11,0,43.666460,-79.378851),
(18,'Errand Runner','Busy? I can run those pesky errands that you have dreading for you!',15,'H','M4Y1H5',8,12,0,43.666460,-79.378851),
(19,'Home Daycare','I run a home daycare, I have my ECE license and have 5 years expierence of child care services',60,'D','M4Y1H5',9,13,0,43.666460,-79.378851),
(20,'Psychic','Curious about what lies ahead, come and see me so we can discover it',40,'J','M4Y1H5',10,14,0,43.666460,-79.378851),
(21,'Home Cleaning','I prefrom all house cleaning duties, I am highly detailed oriented',15,'H','M4Y1H5',11,15,0,43.666460,-79.378851),
(22,'Dog Walker','I am an animal lover and more specifically a dog lover, so let me walk your dog!',50,'H','M4Y1H5',12,16,0,43.666460,-79.378851),
(23,'Meal Planner','I help design and prepare meal plans for a variety of dietary needs!',400,'J','M4Y1H5',13,17,0,43.666460,-79.378851),
(24,'Personal Trainer','I can help you achieve your fitness goals.  I have 5 years of expierence in creating and designing personalized work outs.',30,'H','M4Y1H5',14,18,0,43.666460,-79.378851),
(25,'Nail technician','I am a nail artist, i do acrylic and gel nails',40,'H','M4Y1H5',15,19,0,43.666460,-79.378851),
(26,'Dress alterations','I have 15 years of clothes alterations and specialize in wedding dresses alterations',600,'J','M4Y1H5',16,20,0,43.666460,-79.378851),
(27,'Tire Services','Need tire care and no time to deal with it? I provide mobile tire care services!',55,'H','M4Y1H5',17,21,0,43.666460,-79.378851),
(28,'Lawn Care','I provide you with all your lawn care needs, will water and treat your lawn for all its needs',30,'H','M4Y1H5',18,22,0,43.666460,-79.378851),
(29,'Handy man','I provide simple home repairs for a low price!',25,'H','M4Y1H5',1,23,0,43.666460,-79.378851),
(30,'Electrician','Licensed electrician with 5 years experience.',45,'H','M4Y1H5',2,24,0,43.666460,-79.378851),
(31,'Full Stack Developer','You can fulfil all of your web design and developments needs.',50,'H','M4Y1H5',4,25,0,43.666460,-79.378851),
(32,'Vocal Coach','Trained professioanl vocal coach ',55,'H','M4Y1H5',5,26,0,43.666460,-79.378851),
(33,'Learn French','Let me help you improve your french language skills',25,'H','M4Y1H5',6,27,0,43.666460,-79.378851),
(34,'Essay writing help','Let me help you write those annoying essays!',60,'H','M4Y1H5',7,28,0,43.666460,-79.378851),
(35,'Taroat card reading','Dont know what the future has in store for you?  Well I do!',42,'H','M4Y1H5',10,29,0,43.666460,-79.378851),
(36,'Mobile pet groomers','Welcome to mutt cutts, we come to you and!',150,'j','M4Y1H5',12,30,0,43.666460,-79.378851),
(37,'Nutritionist','Have speacial dietary needs, need help knowing how to cope and what to eat. let me help you! ',200,'j','M4Y1H5',14,31,0,43.666460,-79.378851),
(38,'Mobile car detailing ','WE come to you and detail your car.  We use the safest products that produce teh best results!',200,'j','M4Y1H5',17,32,0,43.666460,-79.378851),
(39,'Eye Lash Technician','3 years experience in making your eyes pop!',300,'j','M4C5l7',15,33,0,43.694830,-79.291528),
(40,'roofing','fast responsible roofers for comming winter',100,'J','M4C1H5',2,1,3,43.686094,-79.307232),
(41,'accounting','skilled accounter comes and teaches all you need to manage your business',50,'H','M4R1H5',4,2,2,43.710716,-79.410283),
(42,'teaching','math teacher for kids ',10.5,'H','M4N1H5',1,3,5,43.722506,-79.390605),
(43,'translating','chinese translater in toronto',500,'D','M4T1H5',6,4,0,null,null),
(44,'developer','software developers make programs ',90.50,'H','M4A1T5',3,5,0,43.735982,-79.312157),
(45,'mechanic','we fix your car cheaper,faster,better',60,'J','M5Y1H5',8,6,0,null,null),
(46,'flooring','we are experienced flooring group, you will love our job',20,'J','M4K1H5',2,7,0,null,null),
(47,'law','strong lawyers team help you in hard times',450.80,'H','M4C1L5',5,8,0,null,null),
(48,'cleaning','cleaners around GTA',250,'D','M4M1H5',1,9,0,null,null),
(49,'dancing','dance club',20,'D','M4N1H5',4,10,0,null,null),
(50,'painting','painter team reasonable and fast jobs',160,'J','M4F1L5',2,11,0,null,null),
(51,'Plumber','Licensed plumber with 5 years experience',45.50,'H','M4G1H5',2,12,0,null,null),
(52,'Front-end Developer','Web developer with 3 years experience, comfortable with most front-end technologies.',27,'H','M4H1H5',3,13,0,null,null),
(53,'Clay pot Making','Come learn how to make your own custom clay pots',60,'J','M4I1H5',4,14,0,null,null),
(54,'Life Coach','Let me help you find your unlimted potential',150,'D','M4J1H5',5,15,0,null,null),
(55,'Learn Spanish','Native spanish speaker who is fluent in english seeking to help you learn some spanish',20,'H','M4K1H5',6,16,0,null,null),
(56,'Math Tutor','Providing Math tutoring for students form grade 8 to 12',40,'H','M4L1H5',7,17,0,null,null),
(57,'Errand Runner','Busy? I can run those pesky errands that you have dreading for you!',15,'H','M4M1H5',8,18,0,null,null),
(58,'Home Daycare','I run a home daycare, I have my ECE license and have 5 years expierence of child care services',60,'D','M4N1T5',9,19,0,null,null),
(59,'Home Daycare','I run a home daycare, I have my ECE license and have 5 years expierence of child care services',60,'D','M4P1H5',9,20,0,null,null),
(60,'Psychic','Curious about what lies ahead, come and see me so we can discover it',40,'J','M4C4V4',10,33,0,null,null),
(61,'Home Cleaning','I prefrom all house cleaning duties, I am highly detailed oriented',15,'H','M4C4X2',11,32,0,null,null),
(62,'Dog Walker','I am an animal lover and more specifically a dog lover, so let me walk your dog!',50,'H','M4C4X3',12,31,0,null,null),
(63,'Meal Planner','I help design and prepare meal plans for a variety of dietary needs!',400,'J','M4C4X4',13,30,0,null,null),
(64,'Personal Trainer','I can help you achieve your fitness goals.  I have 5 years of expierence in creating and designing personalized work outs.',30,'H','M4C4X5',14,29,0,null,null),
(65,'Nail technician','I am a nail artist, i do acrylic and gel nails',40,'H','M4C4X6',15,28,0,null,null),
(66,'Dress alterations','I have 15 years of clothes alterations and specialize in wedding dresses alterations',600,'J','M4C4X7',16,27,0,null,null),
(67,'Tire Services','Need tire care and no time to deal with it? I provide mobile tire care services!',55,'H','M4C4Y4',17,26,0,null,null),
(68,'Lawn Care','I provide you with all your lawn care needs, will water and treat your lawn for all its needs',30,'H','M4C4Y5',18,25,0,null,null),
(69,'Handy man','I provide simple home repairs for a low price!',25,'H','M4C4Y6',1,24,0,null,null),
(70,'Electrician','Licensed electrician with 5 years experience.',45,'H','M4C4Y7',2,23,0,null,null),
(71,'Full Stack Developer','You can fulfil all of your web design and developments needs.',50,'H','M4C4Y8',4,22,0,null,null),
(72,'Vocal Coach','Trained professioanl vocal coach ',55,'H','M4C5A7',5,21,0,null,null),
(73,'Learn French','Let me help you improve your french language skills',25,'H','M1R0E9',6,20,0,null,null),
(74,'Essay writing help','Let me help you write those annoying essays!',60,'H','M3C0C1',7,19,0,null,null),
(75,'Taroat card reading','Dont know what the future has in store for you?  Well I do!',42,'H','M3C0C2',10,18,0,null,null),
(76,'Mobile pet groomers','Welcome to mutt cutts, we come to you and!',150,'j','M3C0E3',12,17,0,null,null),
(77,'Nutritionist','Have speacial dietary needs, need help knowing how to cope and what to eat. let me help you! ',200,'j','M3C0E4',14,16,0,null,null),
(78,'Mobile car detailing ','WE come to you and detail your car.  We use the safest products that produce teh best results!',200,'j','M3C0H9',17,15,0,null,null),
(79,'Eye Lash Technician','3 years experience in making your eyes pop!',300,'j','M3C0L8',15,14,0,null,null);


INSERT INTO Review
(review,score,UserId,SkillId)
VALUES
('he was late but job was good',3,1,1),
('thank you sir',3,1,1),
('i love this web site',3,1,1),
('amazing job',5,2,3),
('thank you so much',5,3,3),
('i dont know',2,4,2),
('not good',2,1,2),
('wouldnot recomend',2,1,2);